Product Type,Product Description,Actual Price,Price,Discount Offer,Shoe Color,Image
Running Shoes, - Men Blue Running Shoes,"12,999","8,449",35% OFF,Blue,https://imagescdn.reebok.in/img/app/product/3/39909124-18313268.jpg?auto=format&w=390
Training Shoes, - Men Black Training Shoes,"12,999","8,449",35% OFF,Black,https://imagescdn.reebok.in/img/app/product/3/39909123-18313237.jpg?auto=format&w=390
Walking Shoes,DMX COMFORT Men Walking Shoes,"8,999","5,849",35% OFF,White,https://imagescdn.reebok.in/img/app/product/3/39681172-16460302.jpg?auto=format&w=390
Walking Shoes,Zeta Foam Skywalk - Men Black Walking Shoes,"7,999","4,799",40% OFF,Black,https://imagescdn.reebok.in/img/app/product/3/39827637-16465873.jpg?auto=format&w=390
Running Shoes,MAXFOAM Swift Pro Men Running Shoes - Men Green Running Shoes,"8,999","5,399",40% OFF,Green,https://imagescdn.reebok.in/img/app/product/3/39706518-16460610.jpg?auto=format&w=390
Running Shoes,Lavante Trail 2 - Men Multi Running Shoes,"8,599","5,589",35% OFF,Multi,https://imagescdn.reebok.in/img/app/product/3/39623062-12790594.jpg?auto=format&w=390
Training Shoes,Nanoflex Adventure Tr 2  -  Men Beige Training Shoes,"9,999","6,499",35% OFF,Beige,https://imagescdn.reebok.in/img/app/product/3/39623052-12790504.jpg?auto=format&w=390
Running Shoes,SPEEDSTRIKE VELOCITY ELITE U Men Running Shoes - Men Orange Running Shoes,"8,999","5,399",40% OFF,Orange,https://imagescdn.reebok.in/img/app/product/3/39827628-16465774.jpg?auto=format&w=390
Running Shoes,Stride Runner - Men Black Running Shoes,"2,499","1,624",35% OFF,Black,https://imagescdn.reebok.in/img/app/product/3/39857325-17114086.jpg?auto=format&w=390
Running Shoes,Flow Advance M - Men Grey Running Shoes,"2,499","1,499",40% OFF,Grey,https://imagescdn.reebok.in/img/app/product/9/904978-11143591.jpg?auto=format&w=390
Classics Shoes,Classic Leather Clip - Men White Classics Shoes,"8,999","5,849",35% OFF,White,https://imagescdn.reebok.in/img/app/product/3/39672881-13656145.jpg?auto=format&w=390
Training Shoes,Nanoflex Adventure Tr 2  -  Men Blue Training Shoes,"9,999","6,499",35% OFF,Blue,https://imagescdn.reebok.in/img/app/product/3/39623067-12790639.jpg?auto=format&w=390
Running Shoes,Tread Revolution Adv Lp - Men Black Running Shoes,"2,799","1,819",35% OFF,Black,https://imagescdn.reebok.in/img/app/product/7/768895-8841426.jpg?auto=format&w=390
Running Shoes,MAXFOAM SwiftVenture Men Running Shoes - Men White Running Shoes,"8,999","5,399",40% OFF,White,https://imagescdn.reebok.in/img/app/product/3/39710886-16455657.jpg?auto=format&w=390
Walking Shoes,Fusion Lux 2.0 M - Men Grey Walking Shoes,"2,599","1,689",35% OFF,Grey,https://imagescdn.reebok.in/img/app/product/7/798561-16616890.jpg?auto=format&w=390
Walking Shoes,ZETA FOAM WALKEASE Men Walking Shoes,"7,999","4,799",40% OFF,Blue,https://imagescdn.reebok.in/img/app/product/3/39827634-16465840.jpg?auto=format&w=390
Running Shoes,Dashmax Runner - Men Navy Running Shoes,"2,999","1,949",35% OFF,Navy,https://imagescdn.reebok.in/img/app/product/3/39678433-13777131.jpg?auto=format&w=390
Running Shoes,Energy Runner 3.0 M - Men Black Running Shoes,"2,599","1,689",35% OFF,Black,https://imagescdn.reebok.in/img/app/product/8/802140-9482480.jpg?auto=format&w=390
Walking Shoes,Dmx Comfort Plus - Men Blue Walking Shoes,"8,999","5,399",40% OFF,Blue,https://imagescdn.reebok.in/img/app/product/9/915219-11382452.jpg?auto=format&w=390
Running Shoes,Stride Runner - Men Grey Running Shoes,"2,499","1,624",35% OFF,Grey,https://imagescdn.reebok.in/img/app/product/3/39853566-17074025.jpg?auto=format&w=390
Running Shoes,Super Sonic Run M - Men Black Running Shoes,"3,299","1,649",50% OFF,Black,https://imagescdn.reebok.in/img/app/product/8/898291-10975457.jpg?auto=format&w=390
Walking Shoes,SPACE FOAM CAPTAIN COMFORT SLIP M Men Walking Shoes,"4,999","2,999",40% OFF,Grey,https://imagescdn.reebok.in/img/app/product/3/39731028-16460445.jpg?auto=format&w=390
Classics Shoes, - Men White Classics Shoes,"5,599","3,639",35% OFF,White,https://imagescdn.reebok.in/img/app/product/3/39853555-17073926.jpg?auto=format&w=390
Classics Shoes,Super Club - Men White Classics Shoes,"6,999","4,199",40% OFF,White,https://imagescdn.reebok.in/img/app/product/3/39678443-13777391.jpg?auto=format&w=390
Sandals & Slippers,Reebok Pop Slides U - Men White Sandals & slippers,"2,299","1,379",40% OFF,White,https://imagescdn.reebok.in/img/app/product/3/39678448-13777521.jpg?auto=format&w=390
Walking Shoes,Soft Trust Walk - Men Black Walking Shoes,"5,599","3,359",40% OFF,Black,https://imagescdn.reebok.in/img/app/product/3/39678460-13777833.jpg?auto=format&w=390
Walking Shoes,Escalate Fit - Men Grey Walking Shoes,"4,999","2,999",40% OFF,Grey,https://imagescdn.reebok.in/img/app/product/3/39642808-13643809.jpg?auto=format&w=390
Classics Shoes,Reebok Supreme U - Men Blue Classics Shoes,"3,599","2,159",40% OFF,Blue,https://imagescdn.reebok.in/img/app/product/3/39635237-13194768.jpg?auto=format&w=390
